{
  "Cleanser": 1.4560240636713813,
  "Exfoliator": 1.1211887025227867,
  "Eye Cream": 0.5343276665402605,
  "Face Mask": 5.333245830223087,
  "Moisturizer": 5.001705144374384,
  "Serum": 1.2276456571096839,
  "Sunscreen": 1.2523298173749395,
  "Toner": 1.5961667649921703
}