{
  "0": 43.26068037974684,
  "1": 44.716543994827305,
  "2": 45.62295182571341,
  "3": 52.056935222983896,
  "4": 38.51980750453341,
  "5": 44.31987343946856,
  "6": 37.407280241615005,
  "7": 52.486180547087756
}